id,eng,afr,nbl,xho,zul,sot,tsn,ssw,ven,tso,nso,eng_pos_or_descriptor,eng_pos_or_descriptor_info,afr_pos_or_descriptor,afr_pos_or_descriptor_info,nbl_pos_or_descriptor,nbl_pos_or_descriptor_info,xho_pos_or_descriptor,xho_pos_or_descriptor_info,zul_pos_or_descriptor,zul_pos_or_descriptor_info,sot_pos_or_descriptor,sot_pos_or_descriptor_info,tsn_pos_or_descriptor,tsn_pos_or_descriptor_info,ssw_pos_or_descriptor,ssw_pos_or_descriptor_info,ven_pos_or_descriptor,ven_pos_or_descriptor_info,tso_pos_or_descriptor,tso_pos_or_descriptor_info,nso_pos_or_descriptor,nso_pos_or_descriptor_info
unisa_robotics_multilingual_glossary_0,actuator,aandrywer,isilawulimkhambo,isishukumisi,isinyakazisi,selaolatsamao,setlhotlheletsatsamao,sinyakatisi,tshilaulautshimbila,xisihalarisi,selaolatsamayo,noun,"a power mechanism used to effect motion, or maintain position of the robot (for example, a motor which converts electrical energy to effect motion of the robot); the actuator responds to a signal received from the control system",,,,,,,,,,,,,,,,,,,,
unisa_robotics_multilingual_glossary_1,arm,arm,umkhono,ingalo,ingalo,letsoho,letsogo,umkhono,tshanḓa,voko,letsogo,noun,an interconnected set of links and powered joints comprising a robot manipulator that supports and/or moves a wrist and hand or end-effector through space,,,,,,,,,,,,,,,,,,,,
unisa_robotics_multilingual_glossary_2,automation,outomatisering,ukuzenzakalela,ukuzenzekelayo,okuzenzakalelayo,boiketsisi,boitirisi,lokutentelekayo,vhushumisi,vutiendlisi,boitiriši,noun,the creation and application of technologies to assume control of processes with minimal human intervention,,,,,,,,,,,,,,,,,,,,
unisa_robotics_multilingual_glossary_3,axis,as,isikazombelo,isinqumla-mbindini,inkabamudwa,molahare,molagare,sijubamkhatsi,mutalokhethanyo,xiseketeri,mothalogare,noun,a direction used to specify the robot motion in a linear or rotary mode,,,,,,,,,,,,,,,,,,,,
unisa_robotics_multilingual_glossary_4,axle,as,i-asi,i-asi,umphini wesondo,ase,ase,i-ase,ase,asi,ase,noun,a rod or spindle (either fixed or rotating) passing through the centre of a wheel or group of wheels,,,,,,,,,,,,,,,,,,,,
unisa_robotics_multilingual_glossary_5,backlash,weerslag,ukuhlehla,ukuhlehla,ukuhlehla,poyosekwele,poelamoragobonako,kuhlehla,khumelamurahu,tlheriselo,tlhaelelo,noun,"a sudden, forceful backward movement arising between parts of a robot",,,,,,,,,,,,,,,,,,,,
unisa_robotics_multilingual_glossary_6,beam,balk,ugongolo,umqadi,ugongolo,setheho,lerang,insika,musevhe,nseve,tlhomešo,noun,a structural element that primarily resists loads applied laterally to its axis,,,,,,,,,,,,,,,,,,,,
unisa_robotics_multilingual_glossary_7,brain,brein,ubuchopho,ubuchopho,ubuchopho,boko,boboko,bucopho,vhuluvhi,byongo,bjoko,noun,an electronic device which functions as the coordinating centre of the robot’s activities,,,,,,,,,,,,,,,,,,,,
unisa_robotics_multilingual_glossary_8,button,knoppie,inkunubhe,iqhosha,inkinobho,konopo,konopi,likinobho,gunubu,kunupu,konope,noun,a small device on a piece of electrical or electronic equipment which is pressed to operate it,,,,,,,,,,,,,,,,,,,,
unisa_robotics_multilingual_glossary_9,carousel,mallemeule,ikharozeli,unojikeleza,okujikajikayo,serekolohi,setlisadidirisiwa,kharozeli,kharosele,xichuluri,semono,noun,"a rotating platform that delivers objects to a robot and serves as an object queuing system; this carousel delivers the objects, or work pieces, to the loading/unloading station of the robot",,,,,,,,,,,,,,,,,,,,
unisa_robotics_multilingual_glossary_10,centre of gravity,swaartepunt,ikaba yedoselophasi,umbindi wesitsaleli-zantsi,inkabasisindo yokuwayo,khohelihare,bogarekgogedi,inkhaba yesisindvo,ka mutsiko isiZulu isiXhosa isiNdebele siSwati Afrikaans,xikarhi misava,kgogedigare,noun,a point from which the weight of a body or system may be considered to act,,,,,,,,,,,,,,,,,,,,
unisa_robotics_multilingual_glossary_11,clamp,klamp,itlempe,unominxi,ikilampu,setlamahanyi,setlapisi,sikhaceki,tshifarisi,ximanyiso,sepatiši,noun,"an accessory device or tool, specifically designed for attachment to the robot wrist or tool mounting plate to enable the robot to grasp and release an object",,,,,,,,,,,,,,,,,,,,
unisa_robotics_multilingual_glossary_12,coach,afrigter,umbanduli,umqeqeshi,umqeqeshi,mokwetlisi,mokatisi,umceceshi,mugudisi,mudzaberi,mohlahli,noun,an instructor or trainer who gives extra teaching,,,,,,,,,,,,,,,,,,,,
unisa_robotics_multilingual_glossary_13,collaboration,samewerking,ukusebenzisana,intsebenziswano,ukusebenzisana,tshebedisano,perekisano,lubambiswano,tshumisano,tirhisano,tšhomišano,noun,the action of working with someone to produce something,,,,,,,,,,,,,,,,,,,,
unisa_robotics_multilingual_glossary_14,colour sensor,umuva,isiva-mbala sombala,mibala,inzwa,sensara mmala,ya,isizweleli wembala,xitwimuhlovo,thupammala,sekwammala,noun,a device which emits light to detect the colour of a surface,,,,,,,,,,,,,,,,,,,,
unisa_robotics_multilingual_glossary_15,competition,kompetisie,iphaliswano,ukhuphiswano,umncintiswano,tlhodisano,kgaisano,umncintiswano,muṱaṱisano,mphikizano,phadišano,noun,an event or contest in which people take part to establish superiority or supremacy in a particular area,,,,,,,,,,,,,,,,,,,,
unisa_robotics_multilingual_glossary_16,control device,beheertoestel,isisetjenziswa sokulawula,isixhobo sokulawula,idivayisi yokulawula,sesebediswataolo,sediriswataolo,sisetjentiswa sekulawula,tshishumiswandauli,nchumulawuri,sedirišwataolo,noun,"any piece of control hardware providing a means for human intervention in the control of a robot or robot system, such as an emergency-stop button, a start button, or a selector switch",,,,,,,,,,,,,,,,,,,,
unisa_robotics_multilingual_glossary_17,controller,beheerder,isilawuli,isihluzi-lwazi,isilawuli,selaoli,selaoli,silawuli,tshilanguli,xilawuri,selaoli,noun,"an information processing device whose inputs are both the desired and measured position, velocity or other pertinent variables in a process and whose outputs are drive signals to a controlling motor or actuator",,,,,,,,,,,,,,,,,,,,
unisa_robotics_multilingual_glossary_18,control mode,beheerwyse,endlela yokulawula,indlela yokulawula,indlela yokulawula,mokhoataolo,mokgwataolo,simo sekulawula,vhulauli,vulawuri,mokgwataolo,adjective,the means by which instructions are communicated to the robot,,,,,,,,,,,,,,,,,,,,
unisa_robotics_multilingual_glossary_19,creativity,kreatiwiteit,ukutlhama,ubuchule,ubuhlakani,boiqapelo,boitlhamedi,ukusungula,vhutsila,vutumbuluxi,boithomelo,noun,the use of imagination or original ideas to create something; inventiveness,,,,,,,,,,,,,,,,,,,,
unisa_robotics_multilingual_glossary_20,cycle,siklus,isehlakalomzombe,umjikelo,umjikelezo,mopotoloho,tsheko,umjikeleto,tshitendeledzi,vurhendzeleki,modikologo,noun,a single execution of a complete set of moves and functions contained within a robot program,,,,,,,,,,,,,,,,,,,,
unisa_robotics_multilingual_glossary_21,down,af,phasi,phantsi,ezansi,fatshe,fatshe,entasi,fhasi,ehansi,fase,adverb,towards or in a lower place or position,,,,,,,,,,,,,,,,,,,,
unisa_robotics_multilingual_glossary_22,downtime,stilstaantyd,ukucima,ukunqamka kwemveliso,ukumiswa komsebenzi,kemisotshebetso,kemisotiro,kuma kwetinhlelo,nyimisotshumo,nkarhietlela,kemišotšhomo,noun,"a period of time, in which, a robot or production line is shut down, due to malfunction or failure",,,,,,,,,,,,,,,,,,,,
unisa_robotics_multilingual_glossary_23,drop,laat,wisa,wisa,wisa,diha,diga,wisa,wisa,wisa,wiša,verb,let or make (something) fall,,,,,,,,,,,,,,,,,,,,
unisa_robotics_multilingual_glossary_24,end-effector,eindeffektor,isiphethomkhono,isixhobomphetho,umphumela wesiphetho,qetello-tsoho,sepatagangwaletsweleng,lesemphethweni wemkhono,tshishumiswa ndanguli,xandlamakumu,morumoatla,noun,"an accessory device or tool, specifically designed for attachment to the robot wrist or tool mounting plate to enable the robot to perform its intended task",,,,,,,,,,,,,,,,,,,,
unisa_robotics_multilingual_glossary_25,endpoint,eindpunt,umphetho,isiphelo,isiphetho,boqetelo,sekhutlokemo,siphefto,magumo,vugimi,bofelo,noun,the nominal commanded position that a manipulator will attempt to achieve at the end of a path of motion,,,,,,,,,,,,,,,,,,,,
unisa_robotics_multilingual_glossary_26,engineering,ingenieurswese,ubunjiniyera,ubunjineli,ubunjiniyela,boenjinere,boenjenere,bunjiniyela,vhuinzhiniara,vuinjhiniyara,boentšenere,noun,"the branch of science and technology concerned with the design, building, and use of engines, machines, and structures",,,,,,,,,,,,,,,,,,,,
unisa_robotics_multilingual_glossary_27,engineering design process,,,,,tsamaiso ya,ya boqapi,,ya boakanyetso,tsamaiso ba,kgatotharollo tshepedišo,noun,a series of steps that engineers follow to create functional products and processes and come up with a solution to a problem,,,,,,,,,,,,,,,,,,,,
unisa_robotics_multilingual_glossary_28,facilitator,fasiliteerder,umenzilula,umququzeleli,umqondisi,motataisi,monolofatsi,umcondzisi,mutshimbidzi,muolovisi,monolofatši,noun,"a person who helps a group of people to work together better, understand their common objectives, and plan how to achieve these objectives, during meetings or discussions",,,,,,,,,,,,,,,,,,,,
unisa_robotics_multilingual_glossary_29,feedback,terugvoer,umbiko obuyako,impendulo,impendulo,tlahelo,tsibogo,imphendvulo,ndulamiso,mbuyelo,poelo,noun,the return of information from a manipulator or sensor to the processor of the robot to provide self-correcting control of the manipulator,,,,,,,,,,,,,,,,,,,,
unisa_robotics_multilingual_glossary_30,feedback control,terugvoerbeheer,ilawulo lombiko obuyako,isilawuli-mpendulo,isilawulampendulo,selaolatlahelo,selaolatsibogo,kulawulwa kwemphendvulo,ndangulo ndulamiso isiZulu isiXhosa isiNdebele siSwati Afrikaans,vulawula mbuyelo,selaolapoelo,noun,a type of system control obtained when information from a manipulator or sensor is returned to the robot controller in order to obtain a desired robot effect,,,,,,,,,,,,,,,,,,,,
unisa_robotics_multilingual_glossary_31,feedback sensor,terugvoersensor,isizweleli sambiko,isiva-mpendulo,inzwa yempendulo,sensara tlahelo,ya,umuva wemphendvulo,xitwimbuyelo ndulamiso,thupatsibogo,sekwapoelo,noun,a mechanism through which information from sensing devices is fed back to the robot's control unit,,,,,,,,,,,,,,,,,,,,
unisa_robotics_multilingual_glossary_32,follow,volg,landela,landela,landela,latela,latela,landzela,tevhela,landzela,latela,verb,move or travel behind,,,,,,,,,,,,,,,,,,,,
unisa_robotics_multilingual_glossary_33,force sensor,kragsensor,isizweleli samandla,isiva-mandla,inzwa yamandla,sensara matla,ya,umuva wemandla,xitwimatimba maanḓa,thupamaatla,sekwamaatla,noun,a sensor capable of measuring the forces and torque exerted by a robot and its wrist; such sensors usually contain strain gauges,,,,,,,,,,,,,,,,,,,,
unisa_robotics_multilingual_glossary_34,frame,raam,isakhelo,isakhelo,isakhelo,kahelo,kagelo,sakhelo,ṱhanganyandauli,rimba,kagelo,noun,"a coordinate system used to determine a position and orientation of an object in space, as well as the robot's position within its model",,,,,,,,,,,,,,,,,,,,
unisa_robotics_multilingual_glossary_35,friction,wrywing,irhuhlano,ukhuhlwano,ukugudlana,kgohlano,kgotlhano,kuhhudlana,tseṱana,nkhuhlano,kgohlano,noun,the action of one surface or object rubbing against another,,,,,,,,,,,,,,,,,,,,
unisa_robotics_multilingual_glossary_36,gear,rat,igere,igiya,igiya,kere,kere,ligiya,gere,gere,kere,noun,a toothed wheel that works with others to alter the relation between the speed of a robot and the speed of the wheels,,,,,,,,,,,,,,,,,,,,
unisa_robotics_multilingual_glossary_37,grab,gryp,bamba,bamba,bamba,tshwara,tshwara,bamba,fara,khoma,swara,verb,to get hold of by or if by catching up with the hand,,,,,,,,,,,,,,,,,,,,
unisa_robotics_multilingual_glossary_38,gripper,sibambi,isixhakamfuli,ngqi,isibamba,setshwari,sengangatlela,isibambi,bobodzhani,bobochani,sengamarela,noun,"an end effector that is designed for seizing and holding and grips or grabs an object; it is attached to the last link of the arm; it may hold an object using several different methods, such as: applying pressure between its fingers, or may use magnetization or vacuum to hold the object, etc",,,,,,,,,,,,,,,,,,,,
unisa_robotics_multilingual_glossary_39,hand,hand,isandla,isandla,isandla,seatla,seatla,sandla,tshanḓa,xandla,seatla,noun,a clamp or gripper used as an end-effector to grasp objects,,,,,,,,,,,,,,,,,,,,
unisa_robotics_multilingual_glossary_40,hold,konstant,ukujama,unqumamo,ukumisa,kemiso,kemiso,kuma,nyimiso,yimiso,kemišo,noun,"a stopping of all movements of a robot during its sequence, in which some power is maintained on the robot; for example, program execution stops, however power to the servo motors remain on, if restarting is desired",,,,,,,,,,,,,,,,,,,,
unisa_robotics_multilingual_glossary_41,imagination,verbeelding,okubonwa ngengqondo,umbono,umcabango,boinahanelo,boikakanyetso,umcabango,mihumbulo,mianakanyo,boikgopolelo,noun,the ability of the mind to be creative or resourceful,,,,,,,,,,,,,,,,,,,,
unisa_robotics_multilingual_glossary_42,innovation,lisu,usungulo kabutjha,entsha,inqubo,boqapi,popontšhwa,ukuthoma,vhubveledzi,vutumbuluxi,popomfsa,noun,"a new method, idea, product, etc. that creates value",,,,,,,,,,,,,,,,,,,,
unisa_robotics_multilingual_glossary_43,input,invoer,okufakwako,umfakwa,okufakwayo,phepelo,setsenngwa,lokufakwako,ndongwa,xinghenisiwa,setsenywa,noun,energy supplied to a device or system; an electrical signal,,,,,,,,,,,,,,,,,,,,
unisa_robotics_multilingual_glossary_44,instruction,instruksie,ilayelo,umyalelo,umyalelo,taelo,taelo,sicondziso,ndaela,xiletelo,taelo,noun,a line of programming code that causes action from the system controller,,,,,,,,,,,,,,,,,,,,
unisa_robotics_multilingual_glossary_45,joint,lasplek,ilungu,umxokomezelo,ilunga,lenonyeletso,tokololo,lilunga,ṱhumo,vuhlanganelo,lelokollo,noun,"a part of the manipulator system, which allows a rotation and/or translational degree of freedom of a link of end-effector",,,,,,,,,,,,,,,,,,,,
unisa_robotics_multilingual_glossary_46,ladle gripper,skepgryper,isigobho sokubamba,icephe,isibambo esisakhezo,sekgabi,segeledi,sigobho sokubamba,tshifarakhavho,xikeleri,sekgeledi,noun,"an end-effector, which acts as a scoop; it is commonly used to scoop up liquids, transfer it to a mould and pour the liquid into the mould",,,,,,,,,,,,,,,,,,,,
unisa_robotics_multilingual_glossary_47,laser,wagesi,ileyiza,isitsheka-mlilo,umsebe kagesi,sentsakganya,sentshasedi,umsebe,tshihumisatshedza,xihumesamasana,sentšhasedi,noun,a device that produces a coherent beam of light which is extremely narrow and focused but still within the visible light spectrum,,,,,,,,,,,,,,,,,,,,
unisa_robotics_multilingual_glossary_48,laser cutting,nga,ukusikangomkhanyo,ukusika ngesitsheka-,ukusika ngogesi,mahlasedithipa,sediriswatshego,kusika,vhudzimatshedza,vutsemamasana,mahlasedithipa,noun,a precise method of cutting material using a device that emits light,,,,,,,,,,,,,,,,,,,,
unisa_robotics_multilingual_glossary_49,line,lyn,umuda,umgca,umugqa,mola,mola,lilayini,mutalo,ntila,mothalo,noun,a horizontal row,,,,,,,,,,,,,,,,,,,,
unisa_robotics_multilingual_glossary_50,manipulator,,,,,sefanakataolo,sediriswataolo,,mutshini ndanguli,xisusamichumu,tšhutadingwe,noun,"a machine or robotic mechanism of which usually consists of a series of segments (jointed or sliding relative to one another) for the purpose of grasping and/or moving objects (pieces or tools), usually in several degrees of freedom",,,,,,,,,,,,,,,,,,,,
unisa_robotics_multilingual_glossary_51,mechanical efficiency,meganiese doeltreffendheid,ipumelelo yomtjhini,ukusebenza kakuhle,ukusebenza kahle,bokgoni motjhini,ba metšhini,kusebenta kahle,ya kushumele,tironatla ximakhinikhi,tirišomotšhene,noun,measure of the effectiveness with which a mechanical system performs,,,,,,,,,,,,,,,,,,,,
unisa_robotics_multilingual_glossary_52,mentor,mentor,umyelelisi,umcebisi,umeluleki,moeletsi,morutuntshi,umkhutsati,mueletshedzi,muleteri,moeletši,noun,a person who trains and guides someone,,,,,,,,,,,,,,,,,,,,
unisa_robotics_multilingual_glossary_53,motor,motor,imotho,injini,injini,motho,mmotho,imotho,motho,motho,mmotho,noun,a device that uses energy to produce movement,,,,,,,,,,,,,,,,,,,,
unisa_robotics_multilingual_glossary_54,move,beweeg,sikinyeka,shenxa,nyakazisa,sutha,suta,kunyakata,sudzuluwa,famba,šuta,verb,a change of place or position,,,,,,,,,,,,,,,,,,,,
unisa_robotics_multilingual_glossary_55,move backward,yisa agteruit,yisa,emuva,yisa,morago,ya,umva,boetsa,morao,boetša,verb,to move to a position or in the direction directly behind oneself,,,,,,,,,,,,,,,,,,,,
unisa_robotics_multilingual_glossary_56,move forward,yisa vorentoe,yisa,phambili,yisa,pele,ya,phambili,sutetsa,pele,iša,verb,"to advance in place, position, or state",,,,,,,,,,,,,,,,,,,,
unisa_robotics_multilingual_glossary_57,navigation,navigasie,ukuhlahlindlela,ukukhangela,ukulandela umzila,tsamaiso,pheneno,kuhlahlindlela,ndavheleso,valanga,tsamaišo,noun,the process or activity of accurately ascertaining one's position and planning and following a route,,,,,,,,,,,,,,,,,,,,
unisa_robotics_multilingual_glossary_58,obstacle,struikelblok,isiliyo,umqobo,isiphazamiso,tshitiso,sekgoreletsi,sitsikameto,tshikundisi,xirhalanganyi,lepheko,obstacle,"a thing that blocks, prevents or hinders progress",,,,,,,,,,,,,,,,,,,,
unisa_robotics_multilingual_glossary_59,operator,operateur,umlawuli,umqhubi,umlawuli,mokganni,mothudi,umlawuli,mulanguli,mutirhisi,modiriši,noun,"the person designated to start, monitor and stop the intended productive operation of a robot or robot system",,,,,,,,,,,,,,,,,,,,
unisa_robotics_multilingual_glossary_60,output,uitvoer,okuphumako,isivelisi-siphumo,umphumela,sephetho,tlhagiso,umphumela,mabveledzwa,mbuyelo,tšweletšo,noun,"the power, energy, or other results produced, delivered or supplied by a device or system",,,,,,,,,,,,,,,,,,,,
unisa_robotics_multilingual_glossary_61,over,oor,ngehla,ngaphaya,eqela,godimo,ka,ngetulu,kwa,hodimo,ka,adverb,extending directly upwards from,,,,,,,,,,,,,,,,,,,,
unisa_robotics_multilingual_glossary_62,path,pad,indledlana,umzila,indlela,tsela,mmila,indlela,nḓila,ndlela,tsela,noun,the continuous locus of positions (or points in three-dimensional space) traversed by the tool center point and described in a specified coordinate system,,,,,,,,,,,,,,,,,,,,
unisa_robotics_multilingual_glossary_63,pitch,kujikeleta-ngco,ujikeleza-nkqo,ngqo,umugqa,tsepamoloho,tsepamologo,isiqongo,vhuisanṱha,vuyisahenhla,tsepamologo,noun,rotation of the end-effector in a vertical plane around the end of the robot manipulator arm,,,,,,,,,,,,,,,,,,,,
unisa_robotics_multilingual_glossary_64,power,krag,amandla,amandla,amandla,matla,maatla,emandla,maanḓa,matimba,maatla,noun,a source or means of supplying energy,,,,,,,,,,,,,,,,,,,,
unisa_robotics_multilingual_glossary_65,problem-solving,probleemoplossing,isisombululimraro,ukusombulula ingxaki,ukuxazulula inkinga,tharollomathata,tharabololomathata,kuchacha tinkinga,tsenguluso thaidzo,vuahlulaxiphiqo,tlemollahuto,noun,"the act of defining a problem; determining the cause of the problem; identifying, prioritizing, and selecting alternatives for a solution; and implementing a solution",,,,,,,,,,,,,,,,,,,,
unisa_robotics_multilingual_glossary_66,process,proses,ikambiso,inkqubo,inqubo,tshebetso,tirego,inchubo,mveledziso,matirhelo,tshepetšo,noun,perform a series of mechanical operations on (data) by means of a program,,,,,,,,,,,,,,,,,,,,
unisa_robotics_multilingual_glossary_67,programming,programmering,ukuhlela,uyilonkqubo,ukuhlela,thehataelo,tlhamotaelo,kuhlela,vhophurogiremi,tumbuluxoletelo,tlhamotaelo,noun,the process or activity of writing computer programs,,,,,,,,,,,,,,,,,,,,
unisa_robotics_multilingual_glossary_68,pulley,katrol,isidonsi,isitsali,isidonsi,sehudi,leotwanakgogisi,sidvonsi,tshikokodzi,xikoki,segogi,noun,a wheel on an axle that is designed to support movement of a cable or belt along its circumference,,,,,,,,,,,,,,,,,,,,
unisa_robotics_multilingual_glossary_69,reach,bereik,ukufinyelela,umthambo,ukufinyelela,bofihlello,bofihlelelo,kufinyelela,tswikelelo,vufikeleri,bofihlello,noun,"the volume of space (envelope), which a robot's end-effector can reach in at least one orientation",,,,,,,,,,,,,,,,,,,,
unisa_robotics_multilingual_glossary_70,robotics,robotika,irobothiki,irobhothikhi,irobhothikhi,thutadiroboto,thutadiroboto,temarobhothi,ngudarobotho,dyondzatirhoboto,thutadiroboto,noun,"the branch of technology that deals with the design, construction, operation, and application of robots",,,,,,,,,,,,,,,,,,,,
unisa_robotics_multilingual_glossary_71,roll,rol,ukugedeka,umqengqeleko,ukugingqika,potoloho,tikoloso,kugicika,khunguluwo,khunguluko,potologo,noun,rotation of the robot end effector in a plane perpendicular to the end of the manipulator arm,,,,,,,,,,,,,,,,,,,,
unisa_robotics_multilingual_glossary_72,rolling resistance,rolweerstand,isijamelimandla,isixhathisi,ukuvimbeka komnyakazo,kganyetsatheteho,tilatsamao,kuvimbeka kwemnyakato,khanelamumono,vualelakhunguluko,tshweto,noun,the force resisting the motion when a body (such as tyre or wheel) rolls on a surface,,,,,,,,,,,,,,,,,,,,
unisa_robotics_multilingual_glossary_73,science,wetenskap,isayensi,ezenzululwazi,ulwazi lwezemvelo,thuta-mahlale,thuto maranyane,i-sayensi,sayense,ya,thutamahlale,noun,the study of the nature and behaviour of natural things and the knowledge that we obtain about them,,,,,,,,,,,,,,,,,,,,
unisa_robotics_multilingual_glossary_74,sensor,sensor,isizweleli,isiva,inzwa,sensara,thupa,umuva,sentsara,xitwi,sekwi,noun,"instruments used as input devices for robots, which enable it to determine aspects regarding the robot's environment, as well as the robot's own positioning",,,,,,,,,,,,,,,,,,,,
unisa_robotics_multilingual_glossary_75,simulation,,ukulingiswa,inkqubo kulinginisa,ukulingisa,selaetsisi,selaetsaketsisi,simulasie,tshitevhedzanyito,vuecenyeti,selaetšakekišo,noun,"a graphical computer program that represents the robot and its environment, which emulates the robot's behaviour during a simulated run of the robot",,,,,,,,,,,,,,,,,,,,
unisa_robotics_multilingual_glossary_76,spline,groef,imbande,uqikelelo-ntsebenzo,imbande,theledi,theledi,imbande,tshifhedzi,xirheti,theledi,noun,"a smooth, continuous function used to approximate a set of functions that are uniquely defined on a set of sub-intervals",,,,,,,,,,,,,,,,,,,,
unisa_robotics_multilingual_glossary_77,stop,stop,jamisa,misa,misa,emisa,emisa,misa,imisa,yimisa,emiša,verb,"cause (an action, process, or event) to come to a halt",,,,,,,,,,,,,,,,,,,,
unisa_robotics_multilingual_glossary_78,team,span,isiqhema,iqela,iqembu,sehlopha,setlhopha,licembu,tshigwada,xipano,sehlopha,noun,a group of players forming one side in a competitive game or sport,,,,,,,,,,,,,,,,,,,,
unisa_robotics_multilingual_glossary_79,teamwork,spanwerk,ukusebenzisana kwesiqhema,ukusebenzisana kweqela,ukusebenzisana kweqembu,tshebedisanommoho,tirisanosenngwe,kusebentisana kwelicembu,tshumisano-tshigwada,vutirhahixipano,tšhomišagommogo,noun,the collaborative effort of a group to achieve a common goal or to complete a task in the most effective and efficient way,,,,,,,,,,,,,,,,,,,,
unisa_robotics_multilingual_glossary_80,tool,gereedskap,isisetjenziswa,isixhobo,ithuluzi,sesebediswa,sediriswa,lithuluzi,tshishumiswa,xitirho,setlabelo,noun,"a working apparatus mounted to the end of the robot arm, such as a hand, gripper, welding torch, screw driver, etc",,,,,,,,,,,,,,,,,,,,
unisa_robotics_multilingual_glossary_81,touch sensor,raaksensor,isizweleli sokuthinta,isiva-kuchukumisa,inzwa yokuthinta,sentsathetso,thupamonwana,umuva wekutsintsa,sentsarapfarwa,xitwikhoma,sekgwathwo,noun,an electronic sensor used in detecting and recording physical touch,,,,,,,,,,,,,,,,,,,,
unisa_robotics_multilingual_glossary_82,traction,trekkrag,ukudosa,ukutsala,ukudonseka,bohulo,kgogo,dvonsa,vhukoki,vukoki,kgogego,noun,the action of drawing or pulling a tyre on a road or wheel on a rail,,,,,,,,,,,,,,,,,,,,
unisa_robotics_multilingual_glossary_83,transducer,omvormer,isitjhugululimandla,isiguqulamandla,isiguqulamandla,sefetodi,sefetodi,siguculamandla,tshirembulusi,xihundzuluxantamu,sefetodi,noun,"a device that converts energy from one form to another; generally, a device that converts an input signal into an output signal of a different form",,,,,,,,,,,,,,,,,,,,
unisa_robotics_multilingual_glossary_84,transmission,transmissie,ukukhambisa,ukuhambisa,ukuhambisa,phetiso,phetiso,kwendlulisa,vhutshimbidzi,vufambisi,phetišo,noun,the act of transferring something from one spot to another,,,,,,,,,,,,,,,,,,,,
unisa_robotics_multilingual_glossary_85,turn,draai,jikisa,jikisa,jikisa,reteleha,retolosa,jikisa,khonisa,jikisa,retološa,verb,move (something) so as to be aimed or pointed in a particular direction,,,,,,,,,,,,,,,,,,,,
unisa_robotics_multilingual_glossary_86,turn left,draai,jikisela ngesinceleni,jikisa ngasekhohlo,jikisela kwesobunxele,reteleha letshehadi,ho molemeng,jikisela ngasesincele,retolosetsa tshamonde,le eximatsini,retološetša nngeleng,verb,move (something) so as to be aimed or pointed in a left direction,,,,,,,,,,,,,,,,,,,,
unisa_robotics_multilingual_glossary_87,turn right,draai,jikisela ngesidleni,jikisa ngasekunene,jikisela kwesokudla,reteleha letona,ho mojeng,jikisela ngasekudla,retolosetsa tshauḽa,le exineneni,retološetša gojeng,verb,move (something) so as to be aimed or pointed in a right direction,,,,,,,,,,,,,,,,,,,,
unisa_robotics_multilingual_glossary_88,ultra-sonic sensor,ultrasoniese sensor,isizweleli somdumo,isivamaza,inzwa misindo,sentsamaqhubu,sentshatekanyo,umuvamsindvo,sentsaraungo,xitwimpfumawulo,sekwaphoto,noun,an electronic device that measures the distance of a target object by emitting ultrasonic sound waves,,,,,,,,,,,,,,,,,,,,
unisa_robotics_multilingual_glossary_89,under,onder,enzasi,ngaphantsi,ngaphansi,fase,ka,ngephasi,tlase,fatshe,ka,adverb,extending directly below,,,,,,,,,,,,,,,,,,,,
unisa_robotics_multilingual_glossary_90,up,op,phezulu,phezulu,phezulu,hodimo,godimo,etulu,nṱha,ehenhla,godimo,adverb,towards a higher place or position,,,,,,,,,,,,,,,,,,,,
unisa_robotics_multilingual_glossary_91,uptime,bedryfstyd,isikhathi sokusebenza,ixesha lemveliso,isikhathi sokusebenza,nakotshebetso,nakotiro,kuchuba kwetinhlelo,tshifhingatshumo,nkarhihanyanya,nakotšhomo,noun,a period of time in which a robot or production line is operating or available to operate,,,,,,,,,,,,,,,,,,,,
unisa_robotics_multilingual_glossary_92,vision sensor,beeldsensor,isizweleli sombono,isivambono,inzwambono,sentsapono,thupatshupo,umuvambono,sentsaraṱhaluselamurahu,xitwixivono,sekwapono,noun,"a sensor that identifies the shape, location, orientation, or dimensions of an object through visual feedback, such as a television camera",,,,,,,,,,,,,,,,,,,,
unisa_robotics_multilingual_glossary_93,weight distribution,gewigsverdeling,ukwabiwa kobudisi,ulwabiwo lobunzima,ukusabalala kwesisindo,kabo ya boima,phatlalatso ya boima,kuphakelwa kwesisindvo,phaḓaladzo ya tshileme,xihangalasantiko,phatlalatšo ya boima,noun,the apportioning of weight within a robot,,,,,,,,,,,,,,,,,,,,
unisa_robotics_multilingual_glossary_94,wheel,wiel,ivili,ivili,isondo,lebidi,leotwana,lisondvo,linga,vhilwa,leotwana,noun,a circular object that revolves on an axle and is fixed below a robot to enable it to move easily over the ground,,,,,,,,,,,,,,,,,,,,
unisa_robotics_multilingual_glossary_95,wire,draad,idarada,ucingo,ucingo,terata,mogala,luwayela,ḓaraṱa,ntambhu,motato,noun,a thin flexible thread or rod,,,,,,,,,,,,,,,,,,,,
unisa_robotics_multilingual_glossary_96,workshop,werkswinkel,isifundobandulo,ucweyo,ingqungquthela,letsema,letsema,ingcungcuthela,davha,tsima,letšema,noun,a meeting at which a group of people engage in intensive discussion and activity on a particular subject or project,,,,,,,,,,,,,,,,,,,,
unisa_robotics_multilingual_glossary_97,workspace,werkruimte,indawo yokusebenzala,indawo yokusebenzela,indawo yokusebenza,bosebeletso,mothamatiro,indzawo yekusebentela,vhushumelo,vutirhelo,bodirelo,noun,the volume of space within which the robot can perform given tasks,,,,,,,,,,,,,,,,,,,,
unisa_robotics_multilingual_glossary_98,wrist,pols,isihlakala,isihlahla,isihlakala,manonyeletso,letswele,sihlakala,tshinungo,xinungu,lenakaila,noun,"a set of rotary joints between the arm and the robot end-effector that allow the end- effector to be oriented to the work-piece; in most cases the wrist can have degrees of freedom which enable it to grasp an object with roll, pitch, and yaw orientation",,,,,,,,,,,,,,,,,,,,
unisa_robotics_multilingual_glossary_99,yaw,gierbeweging,vundlako,jikeleza-tyaba,ukujikeleza,rapamoloho,rapamologo,kujikisa kuvundle,vhubuḓa,vuandlari,rapamologo,noun,rotation of the end-effector in a horizontal plane around the end of the manipulator arm; side to side motion at an axis,,,,,,,,,,,,,,,,,,,,
